function,percentage_change
sales,19.982738640068238
reviews,0.09830682101159166
sellers,33.5762331838565
customers,20.671196211653285
orders,19.755659519744572
products,18.65338968332079
