function,percentage_change
sales,-4.558409925494264
reviews,0.017310103486355633
sellers,1.3481363996827915
customers,3.6918138041733553
orders,3.4965034965034967
products,4.073368270605051
