year,value,function
2017,6155806.980002384,sales
2018,7385905.800003338,sales
2017,4.0709703406428535,reviews
2018,4.074972382169064,reviews
2017,1784.0,sellers
2018,2383.0,sellers
2017,43713.0,customers
2018,52749.0,customers
2017,45101.0,orders
2018,54011.0,orders
2017,17273.0,products
2018,20495.0,products
