year,value,function
2017,6108492.2700023325,sales
2018,7341037.410003306,sales
2017,4.110058215962441,reviews
2018,4.096690329410299,reviews
2017,1766.0,sellers
2018,2354.0,sellers
2017,43030.0,customers
2018,52336.0,customers
2017,44375.0,orders
2018,53530.0,orders
2017,17159.0,products
2018,20376.0,products
