year,value,function
2017,3080850.809999807,sales
2018,7341037.410003306,sales
2017,4.162921431315191,reviews
2018,4.096690329410299,reviews
2017,1212.0,sellers
2018,2354.0,sellers
2017,21936.0,customers
2018,52336.0,customers
2017,22562.0,orders
2018,53530.0,orders
2017,9782.0,products
2018,20376.0,products
