month,value,function
2018-07,895507.2200000191,sales
2018-08,854686.3300000204,sales
2018-07,4.246424030514939,reviews
2018-08,4.247159090909091,reviews
2018-07,1261.0,sellers
2018-08,1278.0,sellers
2018-07,6230.0,customers
2018-08,6460.0,customers
2018-07,6292.0,orders
2018-08,6512.0,orders
2018-07,4198.0,products
2018-08,4369.0,products
