month,value,function
2018-07,878044.2700000189,sales
2018-08,848860.1000000203,sales
2018-07,4.272822076046848,reviews
2018-08,4.280252297149977,reviews
2018-07,1245.0,sellers
2018-08,1266.0,sellers
2018-07,6172.0,customers
2018-08,6380.0,customers
2018-07,6233.0,orders
2018-08,6421.0,orders
2018-07,4168.0,products
2018-08,4342.0,products
